time,city,sensor_id,temperature,humidity_pct
2026-02-09T18:03:13.579137Z,Dhaka,SIM-DHAKA-01,21.86,78.55
2026-02-09T18:03:12.29458Z,Dhaka,SIM-DHAKA-01,22,78.47
2026-02-09T18:03:10.907341Z,Dhaka,SIM-DHAKA-01,21.89,78.95
2026-02-09T18:03:09.622228Z,Dhaka,SIM-DHAKA-01,22.01,79.41
2026-02-09T18:03:08.337134Z,Dhaka,SIM-DHAKA-01,21.94,79.32
2026-02-09T18:03:07.052231Z,Dhaka,SIM-DHAKA-01,21.95,78.99
2026-02-09T18:03:05.759974Z,Dhaka,SIM-DHAKA-01,21.93,78.64
2026-02-09T18:03:04.479579Z,Dhaka,SIM-DHAKA-01,21.96,78.8
2026-02-09T18:03:03.193886Z,Dhaka,SIM-DHAKA-01,22.07,78.75
2026-02-09T18:03:01.913075Z,Dhaka,SIM-DHAKA-01,22.11,78.78
2026-02-09T18:03:00.628725Z,Dhaka,SIM-DHAKA-01,22.14,79.06
2026-02-09T18:02:59.338159Z,Dhaka,SIM-DHAKA-01,22.02,78.64
2026-02-09T18:02:58.020103Z,Dhaka,SIM-DHAKA-01,22.11,78.79
2026-02-09T18:02:56.730762Z,Dhaka,SIM-DHAKA-01,22.15,78.79
2026-02-09T18:02:55.449077Z,Dhaka,SIM-DHAKA-01,22.19,79.24
2026-02-09T18:02:54.162685Z,Dhaka,SIM-DHAKA-01,22.1,79.59
2026-02-09T18:02:52.880725Z,Dhaka,SIM-DHAKA-01,22.19,79.57
2026-02-09T18:02:51.593233Z,Dhaka,SIM-DHAKA-01,22.05,79.52
2026-02-09T18:02:50.311337Z,Dhaka,SIM-DHAKA-01,21.91,79.06
2026-02-09T18:02:49.024113Z,Dhaka,SIM-DHAKA-01,21.83,79.14
2026-02-09T18:02:47.737539Z,Dhaka,SIM-DHAKA-01,21.75,78.77
2026-02-09T18:02:46.454169Z,Dhaka,SIM-DHAKA-01,21.88,78.89
2026-02-09T18:02:45.170455Z,Dhaka,SIM-DHAKA-01,22.01,79.1
2026-02-09T18:02:43.889738Z,Dhaka,SIM-DHAKA-01,21.99,78.95
2026-02-09T18:02:42.60634Z,Dhaka,SIM-DHAKA-01,21.95,78.97
2026-02-09T18:02:41.314553Z,Dhaka,SIM-DHAKA-01,21.82,78.87
2026-02-09T18:02:40.028856Z,Dhaka,SIM-DHAKA-01,21.78,79.32
2026-02-09T18:02:38.742611Z,Dhaka,SIM-DHAKA-01,21.77,79.11
2026-02-09T18:02:37.452813Z,Dhaka,SIM-DHAKA-01,21.7,79.48
2026-02-09T18:02:36.16513Z,Dhaka,SIM-DHAKA-01,21.83,79.17
2026-02-09T18:02:34.884378Z,Dhaka,SIM-DHAKA-01,21.91,79.3
2026-02-09T18:02:33.602104Z,Dhaka,SIM-DHAKA-01,21.98,79.04
2026-02-09T18:02:32.318599Z,Dhaka,SIM-DHAKA-01,21.96,78.63
2026-02-09T18:02:30.959024Z,Dhaka,SIM-DHAKA-01,22.02,79.03
2026-02-09T18:02:29.673314Z,Dhaka,SIM-DHAKA-01,21.97,79.25
2026-02-09T18:02:28.391645Z,Dhaka,SIM-DHAKA-01,21.94,79.69
2026-02-09T18:02:27.111433Z,Dhaka,SIM-DHAKA-01,22.01,79.63
2026-02-09T18:02:25.829895Z,Dhaka,SIM-DHAKA-01,22.03,79.18
2026-02-09T18:02:24.545167Z,Dhaka,SIM-DHAKA-01,21.93,78.9
2026-02-09T18:02:23.261275Z,Dhaka,SIM-DHAKA-01,21.93,78.62
2026-02-09T18:02:21.968972Z,Dhaka,SIM-DHAKA-01,21.99,78.19
2026-02-09T18:02:20.685115Z,Dhaka,SIM-DHAKA-01,22.01,77.96
2026-02-09T18:02:19.404557Z,Dhaka,SIM-DHAKA-01,21.88,77.76
2026-02-09T18:02:18.104395Z,Dhaka,SIM-DHAKA-01,21.97,77.79
2026-02-09T18:02:16.819205Z,Dhaka,SIM-DHAKA-01,21.89,77.67
2026-02-09T18:02:15.534741Z,Dhaka,SIM-DHAKA-01,21.76,77.27
2026-02-09T18:02:14.254095Z,Dhaka,SIM-DHAKA-01,21.64,77.51
2026-02-09T18:02:12.962156Z,Dhaka,SIM-DHAKA-01,21.77,77.09
2026-02-09T18:02:11.673096Z,Dhaka,SIM-DHAKA-01,21.91,77.33
2026-02-09T18:02:10.383383Z,Dhaka,SIM-DHAKA-01,21.98,77.01
2026-02-09T18:02:09.046526Z,Dhaka,SIM-DHAKA-01,22.08,77.4
2026-02-09T18:02:07.75656Z,Dhaka,SIM-DHAKA-01,22.16,77.18
2026-02-09T18:02:06.471177Z,Dhaka,SIM-DHAKA-01,22.23,76.75
2026-02-09T18:02:05.193086Z,Dhaka,SIM-DHAKA-01,22.31,76.82
2026-02-09T18:02:03.905599Z,Dhaka,SIM-DHAKA-01,22.42,76.73
2026-02-09T18:02:02.622899Z,Dhaka,SIM-DHAKA-01,22.53,76.45
2026-02-09T18:02:01.317114Z,Dhaka,SIM-DHAKA-01,22.44,76.31
2026-02-09T18:02:00.026171Z,Dhaka,SIM-DHAKA-01,22.54,76.46
2026-02-09T18:01:58.737609Z,Dhaka,SIM-DHAKA-01,22.49,75.97
2026-02-09T18:01:57.435414Z,Dhaka,SIM-DHAKA-01,22.56,76.2
2026-02-09T18:01:56.151734Z,Dhaka,SIM-DHAKA-01,22.59,75.74
2026-02-09T18:01:54.873619Z,Dhaka,SIM-DHAKA-01,22.47,75.59
2026-02-09T18:01:53.582575Z,Dhaka,SIM-DHAKA-01,22.49,75.31
2026-02-09T18:01:52.298575Z,Dhaka,SIM-DHAKA-01,22.5,74.85
2026-02-09T18:01:50.928681Z,Dhaka,SIM-DHAKA-01,22.46,74.57
2026-02-09T18:01:49.643265Z,Dhaka,SIM-DHAKA-01,22.5,74.79
2026-02-09T18:01:48.356056Z,Dhaka,SIM-DHAKA-01,22.52,74.31
2026-02-09T18:01:47.072645Z,Dhaka,SIM-DHAKA-01,22.65,74.5
2026-02-09T18:01:45.79269Z,Dhaka,SIM-DHAKA-01,22.78,74.45
2026-02-09T18:01:44.511521Z,Dhaka,SIM-DHAKA-01,22.65,74.15
2026-02-09T18:01:43.185165Z,Dhaka,SIM-DHAKA-01,22.54,74.17
2026-02-09T18:01:41.844233Z,Dhaka,SIM-DHAKA-01,22.59,74.44
2026-02-09T18:01:40.556892Z,Dhaka,SIM-DHAKA-01,22.57,73.94
2026-02-09T18:01:39.268929Z,Dhaka,SIM-DHAKA-01,22.49,73.92
2026-02-09T18:01:37.982096Z,Dhaka,SIM-DHAKA-01,22.64,73.94
2026-02-09T18:01:36.694865Z,Dhaka,SIM-DHAKA-01,22.69,74.08
2026-02-09T18:01:35.39609Z,Dhaka,SIM-DHAKA-01,22.79,74.52
2026-02-09T18:01:34.107078Z,Dhaka,SIM-DHAKA-01,22.66,74.19
2026-02-09T18:01:32.827491Z,Dhaka,SIM-DHAKA-01,22.72,74.17
2026-02-09T18:01:31.540968Z,Dhaka,SIM-DHAKA-01,22.77,74.23
2026-02-09T18:01:30.234009Z,Dhaka,SIM-DHAKA-01,22.67,73.81
2026-02-09T18:01:28.954904Z,Dhaka,SIM-DHAKA-01,22.53,73.41
2026-02-09T18:01:27.669078Z,Dhaka,SIM-DHAKA-01,22.43,73.17
2026-02-09T18:01:26.376751Z,Dhaka,SIM-DHAKA-01,22.3,73.63
2026-02-09T18:01:25.071658Z,Dhaka,SIM-DHAKA-01,22.17,73.34
2026-02-09T18:01:23.776639Z,Dhaka,SIM-DHAKA-01,22.04,73.23
2026-02-09T18:01:22.485284Z,Dhaka,SIM-DHAKA-01,22.07,72.95
2026-02-09T18:01:21.122047Z,Dhaka,SIM-DHAKA-01,22.19,72.84
2026-02-09T18:01:19.836864Z,Dhaka,SIM-DHAKA-01,22.23,72.55
2026-02-09T18:01:18.547044Z,Dhaka,SIM-DHAKA-01,22.27,72.69
2026-02-09T18:01:17.262058Z,Dhaka,SIM-DHAKA-01,22.14,72.73
2026-02-09T18:01:15.971127Z,Dhaka,SIM-DHAKA-01,22.12,72.47
2026-02-09T18:01:14.670869Z,Dhaka,SIM-DHAKA-01,22.09,72.02
2026-02-09T18:01:13.376001Z,Dhaka,SIM-DHAKA-01,22,71.97
2026-02-09T18:01:12.085246Z,Dhaka,SIM-DHAKA-01,22.14,71.84
2026-02-09T18:01:10.785046Z,Dhaka,SIM-DHAKA-01,22.08,71.81
2026-02-09T18:01:09.503497Z,Dhaka,SIM-DHAKA-01,21.93,72.31
2026-02-09T18:01:08.215809Z,Dhaka,SIM-DHAKA-01,22.07,71.93
2026-02-09T18:01:06.934786Z,Dhaka,SIM-DHAKA-01,22.22,71.48
2026-02-09T18:01:05.655743Z,Dhaka,SIM-DHAKA-01,22.32,71.04
2026-02-09T18:01:04.373995Z,Dhaka,SIM-DHAKA-01,22.31,70.63
2026-02-09T18:01:03.085588Z,Dhaka,SIM-DHAKA-01,22.43,70.81
2026-02-09T18:01:01.797236Z,Dhaka,SIM-DHAKA-01,22.38,70.96
2026-02-09T18:01:00.414753Z,Dhaka,SIM-DHAKA-01,22.27,71.07
2026-02-09T18:00:59.028078Z,Dhaka,SIM-DHAKA-01,22.26,70.59
2026-02-09T18:00:57.745316Z,Dhaka,SIM-DHAKA-01,22.19,70.17
2026-02-09T18:00:56.459228Z,Dhaka,SIM-DHAKA-01,22.32,70.26
2026-02-09T18:00:55.175228Z,Dhaka,SIM-DHAKA-01,22.46,70.67
2026-02-09T18:00:53.888985Z,Dhaka,SIM-DHAKA-01,22.38,70.42
2026-02-09T18:00:52.605352Z,Dhaka,SIM-DHAKA-01,22.51,70.47
2026-02-09T18:00:51.315415Z,Dhaka,SIM-DHAKA-01,22.52,70.13
2026-02-09T18:00:50.028387Z,Dhaka,SIM-DHAKA-01,22.57,69.72
2026-02-09T18:00:48.743612Z,Dhaka,SIM-DHAKA-01,22.72,70.1
2026-02-09T18:00:47.461862Z,Dhaka,SIM-DHAKA-01,22.71,70.32
2026-02-09T18:00:46.163889Z,Dhaka,SIM-DHAKA-01,22.81,70.09
2026-02-09T18:00:44.8775Z,Dhaka,SIM-DHAKA-01,22.8,70.12
2026-02-09T18:00:43.587082Z,Dhaka,SIM-DHAKA-01,22.8,70.11
2026-02-09T18:00:41.814684Z,Dhaka,SIM-DHAKA-01,22.9,70.07
2026-02-09T18:00:40.510503Z,Dhaka,SIM-DHAKA-01,22.99,70.13
2026-02-09T18:00:39.227288Z,Dhaka,SIM-DHAKA-01,23.07,70.03
2026-02-09T18:00:37.928856Z,Dhaka,SIM-DHAKA-01,23.13,70.46
2026-02-09T18:00:36.638692Z,Dhaka,SIM-DHAKA-01,23.23,70.14
2026-02-09T18:00:35.354442Z,Dhaka,SIM-DHAKA-01,23.33,69.88
2026-02-09T18:00:34.078304Z,Dhaka,SIM-DHAKA-01,23.33,70.28
2026-02-09T18:00:32.794161Z,Dhaka,SIM-DHAKA-01,23.37,70.2
2026-02-09T18:00:31.504637Z,Dhaka,SIM-DHAKA-01,23.26,69.91
2026-02-09T18:00:30.210128Z,Dhaka,SIM-DHAKA-01,23.28,70.23
2026-02-09T18:00:28.92633Z,Dhaka,SIM-DHAKA-01,23.3,70.05
2026-02-09T18:00:27.644972Z,Dhaka,SIM-DHAKA-01,23.44,70.15
2026-02-09T18:00:26.359241Z,Dhaka,SIM-DHAKA-01,23.48,70.3
2026-02-09T18:00:25.073951Z,Dhaka,SIM-DHAKA-01,23.62,70.48
2026-02-09T18:00:23.757418Z,Dhaka,SIM-DHAKA-01,23.63,70.04
2026-02-09T18:00:22.476333Z,Dhaka,SIM-DHAKA-01,23.69,70.23
2026-02-09T18:00:21.09913Z,Dhaka,SIM-DHAKA-01,23.6,70.42
2026-02-09T18:00:19.810315Z,Dhaka,SIM-DHAKA-01,23.64,70.07
2026-02-09T18:00:18.527363Z,Dhaka,SIM-DHAKA-01,23.51,70.12
2026-02-09T18:00:17.241676Z,Dhaka,SIM-DHAKA-01,23.56,70.1
2026-02-09T18:00:15.952321Z,Dhaka,SIM-DHAKA-01,23.5,70.04
2026-02-09T18:00:14.6604Z,Dhaka,SIM-DHAKA-01,23.62,69.63
2026-02-09T18:00:13.369429Z,Dhaka,SIM-DHAKA-01,23.69,69.15
2026-02-09T18:00:12.081319Z,Dhaka,SIM-DHAKA-01,23.78,69.4
2026-02-09T18:00:10.795454Z,Dhaka,SIM-DHAKA-01,23.91,69.79
2026-02-09T18:00:09.509809Z,Dhaka,SIM-DHAKA-01,23.96,69.66
2026-02-09T18:00:08.227971Z,Dhaka,SIM-DHAKA-01,23.98,69.39
2026-02-09T18:00:06.941387Z,Dhaka,SIM-DHAKA-01,24.04,69.39
2026-02-09T18:00:05.64689Z,Dhaka,SIM-DHAKA-01,23.98,69.28
2026-02-09T18:00:04.039291Z,Dhaka,SIM-DHAKA-01,23.98,68.88
2026-02-09T18:00:02.758637Z,Dhaka,SIM-DHAKA-01,24,69.26
2026-02-09T18:00:01.451978Z,Dhaka,SIM-DHAKA-01,24,69.61
2026-02-09T18:00:00.171555Z,Dhaka,SIM-DHAKA-01,23.85,69.67
2026-02-09T17:59:58.890333Z,Dhaka,SIM-DHAKA-01,23.92,69.81
2026-02-09T17:59:57.602003Z,Dhaka,SIM-DHAKA-01,24.03,69.35
2026-02-09T17:59:56.318451Z,Dhaka,SIM-DHAKA-01,24.02,69.58
2026-02-09T17:59:55.028051Z,Dhaka,SIM-DHAKA-01,23.91,69.46
2026-02-09T17:59:53.743275Z,Dhaka,SIM-DHAKA-01,23.8,69.16
2026-02-09T17:59:52.450708Z,Dhaka,SIM-DHAKA-01,23.71,69.46
2026-02-09T17:59:51.071524Z,Dhaka,SIM-DHAKA-01,23.81,69.43
2026-02-09T17:59:49.788278Z,Dhaka,SIM-DHAKA-01,23.79,69.74
2026-02-09T17:59:48.506977Z,Dhaka,SIM-DHAKA-01,23.84,69.77
2026-02-09T17:59:47.226047Z,Dhaka,SIM-DHAKA-01,23.84,69.72
2026-02-09T17:59:45.931082Z,Dhaka,SIM-DHAKA-01,23.74,69.31
2026-02-09T17:59:44.647163Z,Dhaka,SIM-DHAKA-01,23.74,69.5
2026-02-09T17:59:43.361711Z,Dhaka,SIM-DHAKA-01,23.88,69.78
2026-02-09T17:59:42.078739Z,Dhaka,SIM-DHAKA-01,23.8,69.71
2026-02-09T17:59:40.795129Z,Dhaka,SIM-DHAKA-01,23.86,69.25
2026-02-09T17:59:39.50823Z,Dhaka,SIM-DHAKA-01,24.01,69.55
2026-02-09T17:59:38.224178Z,Dhaka,SIM-DHAKA-01,23.86,69.11
2026-02-09T17:59:36.926341Z,Dhaka,SIM-DHAKA-01,23.96,69.41
2026-02-09T17:59:35.64098Z,Dhaka,SIM-DHAKA-01,23.99,69.53
2026-02-09T17:59:34.338848Z,Dhaka,SIM-DHAKA-01,24.12,69.09
2026-02-09T17:59:33.056456Z,Dhaka,SIM-DHAKA-01,24.18,68.93
2026-02-09T17:59:31.778784Z,Dhaka,SIM-DHAKA-01,24.14,68.92
2026-02-09T17:59:30.494266Z,Dhaka,SIM-DHAKA-01,24.09,68.57
2026-02-09T17:59:29.187382Z,Dhaka,SIM-DHAKA-01,24.22,68.21
2026-02-09T17:59:27.905266Z,Dhaka,SIM-DHAKA-01,24.3,68.39
2026-02-09T17:59:26.598359Z,Dhaka,SIM-DHAKA-01,24.29,68.33
2026-02-09T17:59:25.311359Z,Dhaka,SIM-DHAKA-01,24.15,67.95
2026-02-09T17:59:24.027095Z,Dhaka,SIM-DHAKA-01,24.01,67.58
2026-02-09T17:59:22.737012Z,Dhaka,SIM-DHAKA-01,23.86,67.24
2026-02-09T17:59:21.415311Z,Dhaka,SIM-DHAKA-01,23.89,66.96
2026-02-09T17:59:20.122574Z,Dhaka,SIM-DHAKA-01,23.84,67.45
2026-02-09T17:59:18.840918Z,Dhaka,SIM-DHAKA-01,23.88,67.51
2026-02-09T17:59:17.553874Z,Dhaka,SIM-DHAKA-01,24.02,67.58
2026-02-09T17:59:16.241739Z,Dhaka,SIM-DHAKA-01,24.16,67.79
2026-02-09T17:59:14.952411Z,Dhaka,SIM-DHAKA-01,24.28,68
2026-02-09T17:59:13.66819Z,Dhaka,SIM-DHAKA-01,24.28,68.44
2026-02-09T17:59:12.387685Z,Dhaka,SIM-DHAKA-01,24.28,68.28
2026-02-09T17:59:11.039025Z,Dhaka,SIM-DHAKA-01,24.18,67.92
2026-02-09T17:59:09.752642Z,Dhaka,SIM-DHAKA-01,24.23,68.23
2026-02-09T17:59:08.472293Z,Dhaka,SIM-DHAKA-01,24.31,67.94
2026-02-09T17:59:07.189478Z,Dhaka,SIM-DHAKA-01,24.2,67.63
2026-02-09T17:59:05.90012Z,Dhaka,SIM-DHAKA-01,24.21,67.28
2026-02-09T17:59:04.614871Z,Dhaka,SIM-DHAKA-01,24.09,67.15
2026-02-09T17:59:03.326973Z,Dhaka,SIM-DHAKA-01,24.13,67.18
2026-02-09T17:59:01.994942Z,Dhaka,SIM-DHAKA-01,24.08,67.46
2026-02-09T17:59:00.710977Z,Dhaka,SIM-DHAKA-01,24.06,67.17
2026-02-09T17:58:59.431417Z,Dhaka,SIM-DHAKA-01,23.96,66.73
2026-02-09T17:58:58.145427Z,Dhaka,SIM-DHAKA-01,24.05,66.97
2026-02-09T17:58:56.851288Z,Dhaka,SIM-DHAKA-01,23.92,67.07
2026-02-09T17:58:55.48114Z,Dhaka,SIM-DHAKA-01,23.94,66.7
2026-02-09T17:58:54.20112Z,Dhaka,SIM-DHAKA-01,23.92,66.96
2026-02-09T17:58:52.910674Z,Dhaka,SIM-DHAKA-01,23.89,66.64
2026-02-09T17:58:51.590253Z,Dhaka,SIM-DHAKA-01,23.91,67.01
2026-02-09T17:58:50.303086Z,Dhaka,SIM-DHAKA-01,23.97,67.07
2026-02-09T17:58:49.019063Z,Dhaka,SIM-DHAKA-01,24.11,67.47
2026-02-09T17:58:47.733465Z,Dhaka,SIM-DHAKA-01,24.21,67.58
2026-02-09T17:58:46.430369Z,Dhaka,SIM-DHAKA-01,24.11,67.94
2026-02-09T17:58:45.124639Z,Dhaka,SIM-DHAKA-01,24.03,67.84
2026-02-09T17:58:43.844052Z,Dhaka,SIM-DHAKA-01,23.98,67.92
2026-02-09T17:58:42.551612Z,Dhaka,SIM-DHAKA-01,24.01,68.22
2026-02-09T17:58:41.114166Z,Dhaka,SIM-DHAKA-01,24.14,68.24
2026-02-09T17:58:39.831568Z,Dhaka,SIM-DHAKA-01,24.29,67.85
2026-02-09T17:58:38.54693Z,Dhaka,SIM-DHAKA-01,24.27,67.37
2026-02-09T17:58:37.260056Z,Dhaka,SIM-DHAKA-01,24.35,67.67
2026-02-09T17:58:35.969571Z,Dhaka,SIM-DHAKA-01,24.38,68.15
2026-02-09T17:58:34.6852Z,Dhaka,SIM-DHAKA-01,24.34,67.81
2026-02-09T17:58:33.399577Z,Dhaka,SIM-DHAKA-01,24.32,67.64
2026-02-09T17:58:32.116472Z,Dhaka,SIM-DHAKA-01,24.44,67.17
2026-02-09T17:58:30.805466Z,Dhaka,SIM-DHAKA-01,24.43,67.52
2026-02-09T17:58:29.523072Z,Dhaka,SIM-DHAKA-01,24.54,67.1
2026-02-09T17:58:28.234544Z,Dhaka,SIM-DHAKA-01,24.6,66.65
2026-02-09T17:58:26.95202Z,Dhaka,SIM-DHAKA-01,24.62,66.67
2026-02-09T17:58:25.670559Z,Dhaka,SIM-DHAKA-01,24.64,67.06
2026-02-09T17:58:24.384621Z,Dhaka,SIM-DHAKA-01,24.51,66.87
2026-02-09T17:58:23.104839Z,Dhaka,SIM-DHAKA-01,24.57,67.03
2026-02-09T17:58:21.820513Z,Dhaka,SIM-DHAKA-01,24.61,66.57
2026-02-09T17:58:20.541003Z,Dhaka,SIM-DHAKA-01,24.48,66.32
2026-02-09T17:58:19.255938Z,Dhaka,SIM-DHAKA-01,24.59,65.89
2026-02-09T17:58:17.97302Z,Dhaka,SIM-DHAKA-01,24.69,66.34
2026-02-09T17:58:16.692831Z,Dhaka,SIM-DHAKA-01,24.77,66.11
2026-02-09T17:58:15.409454Z,Dhaka,SIM-DHAKA-01,24.62,66.22
2026-02-09T17:58:14.127001Z,Dhaka,SIM-DHAKA-01,24.67,66.71
2026-02-09T17:58:12.830346Z,Dhaka,SIM-DHAKA-01,24.53,66.83
2026-02-09T17:58:11.51708Z,Dhaka,SIM-DHAKA-01,24.63,66.69
2026-02-09T17:58:10.236941Z,Dhaka,SIM-DHAKA-01,24.52,66.36
2026-02-09T17:58:08.955107Z,Dhaka,SIM-DHAKA-01,24.54,66.27
2026-02-09T17:58:07.674005Z,Dhaka,SIM-DHAKA-01,24.67,66.45
2026-02-09T17:58:06.36289Z,Dhaka,SIM-DHAKA-01,24.76,66.09
2026-02-09T17:58:05.055722Z,Dhaka,SIM-DHAKA-01,24.75,66.49
2026-02-09T17:58:03.7765Z,Dhaka,SIM-DHAKA-01,24.68,66.67
2026-02-09T17:58:02.474265Z,Dhaka,SIM-DHAKA-01,24.7,66.45
2026-02-09T17:58:01.017281Z,Dhaka,SIM-DHAKA-01,24.75,66.46
2026-02-09T17:57:59.733897Z,Dhaka,SIM-DHAKA-01,24.71,66.71
2026-02-09T17:57:58.452093Z,Dhaka,SIM-DHAKA-01,24.59,67.09
2026-02-09T17:57:57.167824Z,Dhaka,SIM-DHAKA-01,24.71,67.02
2026-02-09T17:57:55.866828Z,Dhaka,SIM-DHAKA-01,24.8,67.25
2026-02-09T17:57:54.58346Z,Dhaka,SIM-DHAKA-01,24.85,67.28
2026-02-09T17:57:53.282563Z,Dhaka,SIM-DHAKA-01,24.81,67.71
2026-02-09T17:57:51.968336Z,Dhaka,SIM-DHAKA-01,24.94,67.21
2026-02-09T17:57:50.683934Z,Dhaka,SIM-DHAKA-01,24.82,66.97
2026-02-09T17:57:49.398454Z,Dhaka,SIM-DHAKA-01,24.87,66.83
2026-02-09T17:57:48.105395Z,Dhaka,SIM-DHAKA-01,24.73,66.38
2026-02-09T17:57:46.817551Z,Dhaka,SIM-DHAKA-01,24.83,66.81
2026-02-09T17:57:45.536191Z,Dhaka,SIM-DHAKA-01,24.84,67.29
2026-02-09T17:57:44.255314Z,Dhaka,SIM-DHAKA-01,24.9,67.59
2026-02-09T17:57:42.972035Z,Dhaka,SIM-DHAKA-01,24.82,67.76
2026-02-09T17:57:41.688033Z,Dhaka,SIM-DHAKA-01,24.96,67.78
2026-02-09T17:57:40.404548Z,Dhaka,SIM-DHAKA-01,24.93,68.23
2026-02-09T17:57:39.098499Z,Dhaka,SIM-DHAKA-01,24.98,68.04
2026-02-09T17:57:37.81324Z,Dhaka,SIM-DHAKA-01,24.94,68.18
2026-02-09T17:57:36.508184Z,Dhaka,SIM-DHAKA-01,24.82,67.72
2026-02-09T17:57:35.187559Z,Dhaka,SIM-DHAKA-01,24.94,67.58
2026-02-09T17:57:33.904311Z,Dhaka,SIM-DHAKA-01,24.9,67.21
2026-02-09T17:57:32.618303Z,Dhaka,SIM-DHAKA-01,24.79,66.99
2026-02-09T17:57:31.334048Z,Dhaka,SIM-DHAKA-01,24.92,67.43
2026-02-09T17:57:30.033848Z,Dhaka,SIM-DHAKA-01,24.88,67.74
2026-02-09T17:57:28.754806Z,Dhaka,SIM-DHAKA-01,24.73,67.43
2026-02-09T17:57:27.469892Z,Dhaka,SIM-DHAKA-01,24.83,67.72
2026-02-09T17:57:26.179285Z,Dhaka,SIM-DHAKA-01,24.88,67.57
2026-02-09T17:57:24.894711Z,Dhaka,SIM-DHAKA-01,24.97,67.31
2026-02-09T17:57:23.609276Z,Dhaka,SIM-DHAKA-01,25.04,67.74
2026-02-09T17:57:22.323129Z,Dhaka,SIM-DHAKA-01,24.95,68.09
2026-02-09T17:57:20.915394Z,Dhaka,SIM-DHAKA-01,24.85,68.51
2026-02-09T17:57:19.634638Z,Dhaka,SIM-DHAKA-01,24.72,68.88
2026-02-09T17:57:18.349986Z,Dhaka,SIM-DHAKA-01,24.72,69.11
2026-02-09T17:57:17.068874Z,Dhaka,SIM-DHAKA-01,24.84,69.2
2026-02-09T17:57:15.786298Z,Dhaka,SIM-DHAKA-01,24.94,69.23
2026-02-09T17:57:14.505236Z,Dhaka,SIM-DHAKA-01,25,68.84
2026-02-09T17:57:13.225214Z,Dhaka,SIM-DHAKA-01,25.14,69
2026-02-09T17:57:11.946008Z,Dhaka,SIM-DHAKA-01,25.03,69.47
2026-02-09T17:57:10.664083Z,Dhaka,SIM-DHAKA-01,24.93,69.14
2026-02-09T17:57:09.37769Z,Dhaka,SIM-DHAKA-01,25.05,69.41
2026-02-09T17:57:08.098773Z,Dhaka,SIM-DHAKA-01,25.1,69.43
2026-02-09T17:57:06.817208Z,Dhaka,SIM-DHAKA-01,25.11,69.22
2026-02-09T17:57:05.52914Z,Dhaka,SIM-DHAKA-01,25,68.82
2026-02-09T17:57:04.248741Z,Dhaka,SIM-DHAKA-01,25.04,69.29
2026-02-09T17:57:02.965675Z,Dhaka,SIM-DHAKA-01,25.06,69.01
2026-02-09T17:57:01.651372Z,Dhaka,SIM-DHAKA-01,25.15,68.54
2026-02-09T17:57:00.36424Z,Dhaka,SIM-DHAKA-01,25.17,68.55
2026-02-09T17:56:58.950032Z,Dhaka,SIM-DHAKA-01,25.31,68.87
2026-02-09T17:56:57.628836Z,Dhaka,SIM-DHAKA-01,25.17,68.68
2026-02-09T17:56:56.191942Z,Dhaka,SIM-DHAKA-01,25.2,68.32
2026-02-09T17:56:54.906303Z,Dhaka,SIM-DHAKA-01,25.27,68.2
2026-02-09T17:56:53.625061Z,Dhaka,SIM-DHAKA-01,25.31,67.99
2026-02-09T17:56:52.344047Z,Dhaka,SIM-DHAKA-01,25.32,67.56
2026-02-09T17:56:50.985566Z,Dhaka,SIM-DHAKA-01,25.19,67.79
2026-02-09T17:56:49.695972Z,Dhaka,SIM-DHAKA-01,25.32,68.02
2026-02-09T17:56:48.411103Z,Dhaka,SIM-DHAKA-01,25.27,68.41
2026-02-09T17:56:47.128638Z,Dhaka,SIM-DHAKA-01,25.27,68.13
2026-02-09T17:56:45.846287Z,Dhaka,SIM-DHAKA-01,25.29,67.87
2026-02-09T17:56:44.561164Z,Dhaka,SIM-DHAKA-01,25.39,67.75
2026-02-09T17:56:43.250284Z,Dhaka,SIM-DHAKA-01,25.42,67.39
2026-02-09T17:56:41.932307Z,Dhaka,SIM-DHAKA-01,25.44,67.54
2026-02-09T17:56:40.647455Z,Dhaka,SIM-DHAKA-01,25.41,67.77
2026-02-09T17:56:39.360275Z,Dhaka,SIM-DHAKA-01,25.27,68.22
2026-02-09T17:56:38.075602Z,Dhaka,SIM-DHAKA-01,25.24,68.01
2026-02-09T17:56:36.791118Z,Dhaka,SIM-DHAKA-01,25.2,68.07
2026-02-09T17:56:35.506038Z,Dhaka,SIM-DHAKA-01,25.27,67.58
2026-02-09T17:56:34.226239Z,Dhaka,SIM-DHAKA-01,25.27,67.11
2026-02-09T17:56:32.944708Z,Dhaka,SIM-DHAKA-01,25.24,66.64
2026-02-09T17:56:31.641806Z,Dhaka,SIM-DHAKA-01,25.35,66.78
2026-02-09T17:56:30.356334Z,Dhaka,SIM-DHAKA-01,25.48,67.14
2026-02-09T17:56:29.07724Z,Dhaka,SIM-DHAKA-01,25.39,67.03
2026-02-09T17:56:27.775909Z,Dhaka,SIM-DHAKA-01,25.54,66.82
2026-02-09T17:56:26.466888Z,Dhaka,SIM-DHAKA-01,25.44,67.3
2026-02-09T17:56:25.169753Z,Dhaka,SIM-DHAKA-01,25.42,67.02
2026-02-09T17:56:23.887409Z,Dhaka,SIM-DHAKA-01,25.37,66.79
2026-02-09T17:56:22.603047Z,Dhaka,SIM-DHAKA-01,25.46,67.17
2026-02-09T17:56:21.244774Z,Dhaka,SIM-DHAKA-01,25.49,66.83
2026-02-09T17:56:19.953713Z,Dhaka,SIM-DHAKA-01,25.46,66.64
2026-02-09T17:56:18.667797Z,Dhaka,SIM-DHAKA-01,25.32,66.48
2026-02-09T17:56:17.387552Z,Dhaka,SIM-DHAKA-01,25.3,66.79
2026-02-09T17:56:16.096475Z,Dhaka,SIM-DHAKA-01,25.3,66.29
2026-02-09T17:56:14.8167Z,Dhaka,SIM-DHAKA-01,25.42,66.42
2026-02-09T17:56:13.538288Z,Dhaka,SIM-DHAKA-01,25.52,66.83
2026-02-09T17:56:12.251694Z,Dhaka,SIM-DHAKA-01,25.39,66.72
2026-02-09T17:56:10.9005Z,Dhaka,SIM-DHAKA-01,25.45,66.98
2026-02-09T17:56:09.619982Z,Dhaka,SIM-DHAKA-01,25.36,67.07
2026-02-09T17:56:08.338048Z,Dhaka,SIM-DHAKA-01,25.47,66.81
2026-02-09T17:56:07.047537Z,Dhaka,SIM-DHAKA-01,25.41,66.32
2026-02-09T17:56:05.762526Z,Dhaka,SIM-DHAKA-01,25.32,66.13
2026-02-09T17:56:04.43169Z,Dhaka,SIM-DHAKA-01,25.19,66.56
2026-02-09T17:56:03.12945Z,Dhaka,SIM-DHAKA-01,25.27,66.06
2026-02-09T17:56:01.844089Z,Dhaka,SIM-DHAKA-01,25.33,65.56
2026-02-09T17:56:00.556954Z,Dhaka,SIM-DHAKA-01,25.31,65.47
2026-02-09T17:55:59.272071Z,Dhaka,SIM-DHAKA-01,25.27,65.01
2026-02-09T17:55:57.98917Z,Dhaka,SIM-DHAKA-01,25.38,65.16
2026-02-09T17:55:56.697656Z,Dhaka,SIM-DHAKA-01,25.51,64.79
2026-02-09T17:55:55.413282Z,Dhaka,SIM-DHAKA-01,25.37,64.5
2026-02-09T17:55:54.124235Z,Dhaka,SIM-DHAKA-01,25.3,64.07
2026-02-09T17:55:52.836404Z,Dhaka,SIM-DHAKA-01,25.37,64.13
2026-02-09T17:55:51.522649Z,Dhaka,SIM-DHAKA-01,25.23,64.46
2026-02-09T17:55:50.21769Z,Dhaka,SIM-DHAKA-01,25.26,64.01
2026-02-09T17:55:48.937465Z,Dhaka,SIM-DHAKA-01,25.28,63.96
2026-02-09T17:55:47.655293Z,Dhaka,SIM-DHAKA-01,25.22,63.46
2026-02-09T17:55:46.341129Z,Dhaka,SIM-DHAKA-01,25.28,63.86
2026-02-09T17:55:45.054139Z,Dhaka,SIM-DHAKA-01,25.27,64.02
2026-02-09T17:55:43.769867Z,Dhaka,SIM-DHAKA-01,25.18,64.11
2026-02-09T17:55:42.489126Z,Dhaka,SIM-DHAKA-01,25.08,64.17
2026-02-09T17:55:41.191233Z,Dhaka,SIM-DHAKA-01,25.12,64.54
2026-02-09T17:55:39.891942Z,Dhaka,SIM-DHAKA-01,25.03,64.36
2026-02-09T17:55:38.600881Z,Dhaka,SIM-DHAKA-01,25.01,64.69
2026-02-09T17:55:36.749263Z,Dhaka,SIM-DHAKA-01,24.93,64.88
2026-02-09T17:44:50.017618Z,Dhaka,OM-DHAKA-01,14.9,81
2026-02-09T17:43:48.712199Z,Dhaka,OM-DHAKA-01,14.9,81
2026-02-09T17:42:47.478408Z,Dhaka,OM-DHAKA-01,14.9,81
2026-02-09T17:41:46.223747Z,Dhaka,OM-DHAKA-01,14.9,81
2026-02-09T17:40:44.960536Z,Dhaka,OM-DHAKA-01,14.9,81
2026-02-09T17:39:43.73436Z,Dhaka,OM-DHAKA-01,14.9,81
2026-02-09T17:38:42.424273Z,Dhaka,OM-DHAKA-01,14.9,81
2026-02-09T17:37:41.110857Z,Dhaka,OM-DHAKA-01,14.9,81
2026-02-09T17:36:39.883816Z,Dhaka,OM-DHAKA-01,14.9,81
2026-02-09T17:35:38.032242Z,Dhaka,OM-DHAKA-01,14.9,81
2026-02-09T17:34:31.19287695Z,Dhaka,,14.9,81
2026-02-09T17:29:29.2972972Z,Dhaka,,14.9,81
2026-02-09T17:27:48.425974524Z,Dhaka,,14.9,81
2026-02-09T17:22:46.196087835Z,Dhaka,,16.4,
2026-02-09T17:22:28.770785688Z,Dhaka,,16.4,
2026-02-09T17:00:13.258878274Z,Dhaka,,30.8,
2026-02-09T16:58:55.084692278Z,Dhaka,,30.8,
2026-02-09T16:58:50.572022351Z,Dhaka,,30.8,
2026-02-09T16:58:43.188936303Z,Dhaka,,30.8,
2026-02-09T16:55:01.603149138Z,Dhaka,,30.8,
